Haplotype	# individuals	Mean usage
Haplotype 2	17	0.08619130588237642
Haplotype 2-4	28	0.07745052343832814
Haplotype 2-6	6	0.08695569960126666
Haplotype 4	18	0.02789493332605945
Haplotype 4-6	14	0.07103249923603643
Haplotype 6	2	0.06957104526499999
